Member,True Wins,Wins,Delta,Overall Wins
rahoolramesh,4.428571428571429,2,-2.428571428571429,31
TATEZ,8.857142857142858,7,-1.8571428571428577,62
arpanchavan00,4.571428571428572,7,2.428571428571428,32
rohandang856,6.571428571428571,7,0.4285714285714288,46
rowthehill,6.285714285714286,7,0.7142857142857144,44
umangchavan,6.285714285714286,7,0.7142857142857144,44
joooon,1.2857142857142856,2,0.7142857142857144,9
nchadz,5.7142857142857135,5,-0.7142857142857135,40
