POWER RANK,Member,POWER RANK VALUE,PPG,PPG Rank,Wins,Win Rank,Overall Wins,Overall Win Rank,Recent Wins,Recent Wins Rank,True Wins,Consistency Rating,Consistency Rank,ROS Roster Rank
7,rahoolramesh,3.59,354.50363636363636,7,2,7,31,7,1,6,4.428571428571429,0.14436483325402408,6,6
1,TATEZ,0.79,408.48,1,7,1,62,1,3,3,8.857142857142858,0.09521061749250934,2,2
5,arpanchavan00,1.95,359.46181818181816,6,7,1,32,6,4,1,4.571428571428572,0.14621141305016644,8,5
3,rohandang856,1.21,378.3163623046875,3,7,1,46,2,3,3,6.571428571428571,0.13420574610767,5,3
4,rowthehill,1.58,374.3290909090909,4,7,1,44,3,3,3,6.285714285714286,0.09622083877962664,3,7
2,umangchavan,1.02,388.24545454545455,2,7,1,44,3,4,1,6.285714285714286,0.1456902783791349,7,1
8,joooon,3.84,308.5763636363636,8,2,7,9,8,1,6,1.2857142857142856,0.12579465368725518,4,8
6,nchadz,2.77,372.5945454545454,5,5,6,40,5,1,6,5.7142857142857135,0.08936887571323211,1,4
