Member,True Wins,Wins,Delta,Overall Wins
rahoolramesh,5.0,3,-2.0,35
TATEZ,9.0,8,-1.0,63
arpanchavan00,4.428571428571429,6,1.5714285714285712,31
rohandang856,7.142857142857142,8,0.8571428571428577,50
rowthehill,6.571428571428572,6,-0.5714285714285721,46
umangchavan,7.428571428571429,8,0.5714285714285712,52
joooon,1.7142857142857142,3,1.2857142857142858,12
nchadz,6.714285714285714,6,-0.7142857142857144,47
