Member,True Wins,Wins,Delta,Overall Wins
rahoolramesh,5,3,-2,35
TATEZ,9,8,-1,63
arpanchavan00,4.428571429,6,1.571428571,31
rohandang856,7.142857143,8,0.857142857,50
rowthehill,6.571428571,6,-0.571428571,46
umangchavan,7.428571429,8,0.571428571,52
joooon,1.714285714,3,1.285714286,12
nchadz,6.714285714,6,-0.714285714,47