POWER RANK,Member,POWER RANK VALUE,PPG,PPG Rank,Wins,Win Rank,Overall Wins,Overall Win Rank,Recent Wins,Recent Wins Rank,True Wins,Consistency Rating,Consistency Rank,ROS Roster Rank
7,rahoolramesh,3.23,354.75666666666666,6,3,7,35,6,1,7,5.0,0.14543295668189626,7,5
2,TATEZ,0.93,397.605,1,8,1,63,1,2,4,9.0,0.13744417207997164,6,2
6,arpanchavan00,2.7,354.175,7,6,4,31,7,3,3,4.428571428571429,0.1491897009889231,8,6
3,rohandang856,1.11,375.1899987792969,3,8,1,50,3,4,2,7.142857142857142,0.12003153274065985,3,3
5,rowthehill,2.3,366.4166666666667,5,6,4,46,5,2,4,6.571428571428572,0.0907802931732675,2,7
1,umangchavan,0.77,391.395,2,8,1,52,2,5,1,7.428571428571429,0.1271227428569668,4,1
8,joooon,3.7,306.99333333333334,8,3,7,12,8,1,7,1.7142857142857142,0.12790216901640877,5,8
4,nchadz,1.93,374.2183333333333,4,6,4,47,4,2,4,6.714285714285714,0.08536969291189196,1,4
