POWER RANK,Member,POWER RANK VALUE,PPG,PPG Rank,Wins,Win Rank,Overall Wins,Overall Win Rank,Recent Wins,Recent Wins Rank,Consistency Rating,Consistency Rank,ROS Roster Rank
5,rahoolramesh,4.25,352.28,5,1,5,12,5,0,1,0.05578052646847847,4,5
2,TATEZ,2.2,386.435,2,2,4,24,1,0,1,0.038440276314521606,3,2
7,arpanchavan00,4.84,331.185,7,1,5,8,6,0,1,0.026961842916527683,1,7
3,rohandang856,2.31,390.4149963378906,1,3,3,20,3,0,1,0.12698677544174436,8,1
4,rowthehill,2.9,373.25,4,4,1,18,4,0,1,0.08939425120260533,6,6
6,umangchavan,4.41,338.73,6,1,5,8,6,0,1,0.12309714790997565,7,3
8,joooon,6.56,306.13,8,0,8,1,8,0,1,0.03243316985565976,2,8
1,nchadz,1.99,380.77,3,4,1,21,2,0,1,0.07186103602292616,5,4
