Member,True Wins,Wins,Delta,Overall Wins
rahoolramesh,3.142857142857143,2,-1.1428571428571428,22
TATEZ,7.0,6,-1.0,49
arpanchavan00,3.5714285714285716,5,1.4285714285714284,25
rohandang856,5.0,5,0.0,35
rowthehill,4.571428571428571,5,0.4285714285714288,32
umangchavan,3.7142857142857144,4,0.2857142857142856,26
joooon,0.8571428571428571,1,0.1428571428571429,6
nchadz,4.142857142857143,4,-0.14285714285714324,29
