POWER RANK,Member,POWER RANK VALUE,PPG,PPG Rank,Wins,Win Rank,Overall Wins,Overall Win Rank,Recent Wins,Recent Wins Rank,True Wins,Consistency Rating,Consistency Rank,ROS Roster Rank
7,rahoolramesh,4.4,350.59749999999997,7,2,7,22,7,1,6,3.142857142857143,0.1102659213595657,3,6
1,TATEZ,0.71,410.8625,1,6,1,49,1,4,1,7.0,0.0949371990800471,2,1
4,arpanchavan00,2.66,360.5675,6,5,2,25,6,4,1,3.5714285714285716,0.15077478792059923,8,5
2,rohandang856,1.77,389.1674981689453,2,5,2,35,2,3,4,5.0,0.1211495709160461,6,3
3,rowthehill,2.38,369.9125,3,5,2,32,3,2,5,4.571428571428571,0.1133438135939903,5,7
5,umangchavan,2.7,364.2275,5,4,5,26,5,4,1,3.7142857142857144,0.11030058520440295,4,2
8,joooon,5.14,310.4725,8,1,8,6,8,1,6,0.8571428571428571,0.1380795017811634,7,8
6,nchadz,3.01,369.45,4,4,5,29,4,1,6,4.142857142857143,0.060255237821937244,1,4
