Member,True Wins,Wins,Delta,Overall Wins
rahoolramesh,3.285714285714286,2,-1.285714285714286,23
TATEZ,6.0,5,-1.0,42
arpanchavan00,3.285714285714286,4,0.714285714285714,23
rohandang856,4.142857142857142,4,-0.14285714285714235,29
rowthehill,4.428571428571429,5,0.5714285714285712,31
umangchavan,2.857142857142857,3,0.1428571428571428,20
joooon,0.2857142857142857,1,0.7142857142857143,2
nchadz,3.7142857142857144,4,0.2857142857142856,26
