POWER RANK,Member,POWER RANK VALUE,PPG,PPG Rank,Wins,Win Rank,Overall Wins,Overall Win Rank,Recent Wins,Recent Wins Rank,True Wins,Consistency Rating,Consistency Rank,ROS Roster Rank
5,rahoolramesh,3.89,373.29,5,1,7,22,5,0,8,3.1428571428571432,0.1021885768098603,4,5
1,TATEZ,0.94,412.8,1,4,1,37,1,3,2,5.285714285714286,0.10411702440690415,5,2
7,arpanchavan00,4.02,361.38666666666666,6,3,5,17,6,3,2,2.428571428571429,0.1613987864729734,8,7
2,rohandang856,1.24,389.4333308919271,2,4,1,26,2,4,1,3.7142857142857144,0.1291009443867172,7,1
3,rowthehill,1.62,374.74333333333334,3,4,1,24,3,3,2,3.4285714285714284,0.07299724735236457,3,4
5,umangchavan,3.89,356.28666666666663,7,3,5,16,7,3,2,2.2857142857142856,0.12081471471278593,6,3
8,joooon,4.96,313.20666666666665,8,1,7,2,8,1,7,0.2857142857142857,0.06954140199990128,2,8
4,nchadz,1.84,373.9,4,4,1,24,3,3,2,3.4285714285714284,0.06391935281809093,1,6
