Member,True Wins,Wins,Delta,Overall Wins
rahoolramesh,3.1428571428571432,1,-2.1428571428571432,22
TATEZ,5.285714285714286,4,-1.2857142857142856,37
arpanchavan00,2.428571428571429,3,0.5714285714285712,17
rohandang856,3.7142857142857144,4,0.2857142857142856,26
rowthehill,3.4285714285714284,4,0.5714285714285716,24
umangchavan,2.2857142857142856,3,0.7142857142857144,16
joooon,0.2857142857142857,1,0.7142857142857143,2
nchadz,3.4285714285714284,4,0.5714285714285716,24
