POWER RANK,Member,POWER RANK VALUE,PPG,PPG Rank,Wins,Win Rank,Overall Wins,Overall Win Rank,Recent Wins,Recent Wins Rank,True Wins,Consistency Rating,Consistency Rank,ROS Roster Rank
7,rahoolramesh,3.24,366.358,6,3,6,32,5,1,6,4.571428571428571,0.12058082932042666,5,5
1,TATEZ,0.79,411.868,1,7,1,56,1,4,2,8.0,0.1036523799411947,3,2
4,arpanchavan00,2.12,364.18399999999997,7,7,1,32,5,5,1,4.571428571428571,0.15349640630472297,8,6
3,rohandang856,2.09,381.50399853515626,3,6,4,39,3,3,4,5.571428571428571,0.13097587089545598,6,3
5,rowthehill,2.39,376.53000000000003,4,6,4,39,3,2,5,5.571428571428571,0.0983623233538697,2,7
2,umangchavan,0.97,397.53,2,7,1,46,2,4,2,6.571428571428571,0.117816515064125,4,1
8,joooon,4.58,301.576,8,1,8,6,8,0,8,0.8571428571428572,0.14150535467767195,7,8
6,nchadz,3.21,371.352,5,3,6,30,7,1,6,4.285714285714286,0.06293500099053699,1,4
