Member,True Wins,Wins,Delta,Overall Wins
rahoolramesh,4.571428571428571,3,-1.5714285714285712,32
TATEZ,8.0,7,-1.0,56
arpanchavan00,4.571428571428571,7,2.428571428571429,32
rohandang856,5.571428571428571,6,0.4285714285714288,39
rowthehill,5.571428571428571,6,0.4285714285714288,39
umangchavan,6.571428571428571,7,0.4285714285714288,46
joooon,0.8571428571428572,1,0.1428571428571428,6
nchadz,4.285714285714286,3,-1.2857142857142856,30
