Member,True Wins,Wins,Delta,Overall Wins
rahoolramesh,3.571428571428571,2,-1.5714285714285712,25
TATEZ,7.857142857142858,7,-0.8571428571428577,55
arpanchavan00,3.714285714285714,6,2.285714285714286,26
rohandang856,5.7142857142857135,6,0.2857142857142865,40
rowthehill,5.142857142857142,5,-0.14285714285714235,36
umangchavan,4.714285714285714,5,0.2857142857142856,33
joooon,0.8571428571428571,1,0.1428571428571429,6
nchadz,4.428571428571428,4,-0.42857142857142794,31
