POWER RANK,Member,POWER RANK VALUE,PPG,PPG Rank,Wins,Win Rank,Overall Wins,Overall Win Rank,Recent Wins,Recent Wins Rank,True Wins,Consistency Rating,Consistency Rank,ROS Roster Rank
7,rahoolramesh,3.99,354.7688888888889,7,2,7,25,7,1,5,3.571428571428571,0.10786243782986552,4,6
1,TATEZ,0.72,414.47777777777776,1,7,1,55,1,5,1,7.857142857142858,0.09183787552347591,2,2
4,arpanchavan00,2.42,358.02,6,6,2,26,6,5,1,3.714285714285714,0.1436355316589757,7,5
2,rohandang856,1.6,390.90888726128475,2,6,2,40,2,3,4,5.7142857142857135,0.11360898597503626,5,3
5,rowthehill,2.61,372.15555555555557,4,5,4,36,3,1,5,5.142857142857142,0.10692435160740725,3,7
3,umangchavan,2.22,379.47333333333336,3,5,4,33,4,4,3,4.714285714285714,0.15599503062221706,8,1
8,joooon,4.61,307.26666666666665,8,1,8,6,8,1,5,0.8571428571428571,0.13421004605569495,6,8
6,nchadz,3.4,371.0888888888889,5,4,6,31,5,0,8,4.428571428571428,0.057657627824431484,1,4
