POWER RANK,Member,POWER RANK VALUE,PPG,PPG Rank,Wins,Win Rank,Overall Wins,Overall Win Rank,Recent Wins,Recent Wins Rank,Consistency Rating,Consistency Rank,ROS Roster Rank
5,rahoolramesh,4.94,349.04,5,1,5,10,5,0,1,0.06509416268767373,5,5
3,TATEZ,2.65,382.3666666666667,2,2,2,18,1,0,1,0.03980776055043741,2,7
6,arpanchavan00,5.25,329.58666666666664,6,1,5,6,6,0,1,0.030982359960367634,1,6
4,rohandang856,2.96,377.5399951171875,3,2,2,12,4,0,1,0.13743557446499896,8,2
2,rowthehill,2.59,374.62666666666667,4,2,2,13,3,0,1,0.1087107979651748,7,1
8,umangchavan,6.67,320.08,8,0,8,2,8,0,1,0.05376805311980463,3,3
7,joooon,6.17,323.5866666666667,7,1,5,5,7,0,1,0.05537847416812151,4,8
1,nchadz,1.85,386.66,1,3,1,18,1,0,1,0.07822755394808995,6,4
