POWER RANK,Member,POWER RANK VALUE,PPG,PPG Rank,Wins,Win Rank,Overall Wins,Overall Win Rank,Recent Wins,Recent Wins Rank,Consistency Rating,Consistency Rank,ROS Roster Rank
6,rahoolramesh,4.24,360.836,5,1,7,17,5,1,7,0.07096087781598971,2,5
2,TATEZ,1.67,400.096,1,3,3,30,1,3,3,0.08284335130038953,5,2
7,arpanchavan00,4.38,360.1,6,2,5,15,6,2,5,0.1808295255223173,8,6
3,rohandang856,2.29,379.5759970703125,2,3,3,20,4,3,3,0.12989188972580581,7,1
4,rowthehill,2.43,371.408,4,4,1,21,3,4,1,0.07858803716754313,4,7
5,umangchavan,4.14,346.62,7,2,5,12,7,2,5,0.11594777311831445,6,3
8,joooon,5.57,315.808,8,1,7,2,8,1,7,0.07373575691456426,3,8
1,nchadz,1.57,375.716,3,4,1,23,2,4,1,0.06987587726363043,1,4
